date,review,rating,isEdited,title,userName,developerResponse
2020-04-13 14:24:53,"I downloaded this for my 3 year old to do at home. He usually attends a bilingual Montessori school. I figured I‚Äôll let the trial period transfer to the monthly subscription if he liked it. Much to my disgust, I discovered that the trial automatically transfers to a $65/year annual subscription instead of the monthly subscription. I wasn‚Äôt even given an option to choose monthly or annual. Totally unethical! Who does that? Now that I‚Äôve already been charged I know they won‚Äôt want to refund me at all even though I cancelled it. They count on people not noticing this so they can charge you the full amount. 

I wouldn‚Äôt mind the $65 charge so much if I thought the app was worth it, but it‚Äôs not. It‚Äôs not very intuitive on what are the actual activities vs what‚Äôs random stuff in the classroom that just makes sounds. Also, why is there not cursive hand writing lessons in this app? That‚Äôs part of the core Montessori learning experience. My friend recommended Kahn Academy Kids to me as a 100% free alternative (no trial). It loads faster, has better content, and has a more intuitive layout. I would rather pay $65/year for that than for this Montessori Preschool app. 

If I was refunded the annual fee less a 1 month subscription fee I would consider changing my review to 4 stars.",1,False,Trial to subscription is misleading,Priskittles,"{'id': 14658296, 'body': 'Hello, we‚Äôre sorry to hear that you don‚Äôt like our app. The choice between monthly and yearly is made when you start the free trial, everything is explained. We‚Äôd be happy to discuss this with you as well as show you where the cursive is in the app. Please contact us on support@edokiacademy.com and ask for Valerie. ', 'modified': '2020-04-14T12:11:40Z'}"
2019-12-11 09:37:30,"This is not a free app as advertised. You can‚Äôt do a single thing without subscribing. The subscription cost is absurdly high when you consider how many apps offer at least SOME of this type of content for free. The preview they offer isn‚Äôt enough to entice me into doing a free trial, especially when it seems ‚Äúfree trials‚Äù for apps are meant to dupe people into paying the subscription. I didn‚Äôt see ANY promise of continued content being produced, so why would someone do a monthly or yearly subscription? That‚Äôs like a textbook book, with a finite amount of content, coming with a monthly subscription rate. Umm, no thanks. I might pay a flat rate for it if the preview made it look worth it, but it definitely doesn‚Äôt seem worth subscribing. My daughter is 2.5 years old and she‚Äôd be done with all the matching, sorting, color, shapes and a couple other things in the preview after about an hour. If there‚Äôs more to explore for her developmental range, I didn‚Äôt see it in the preview.",2,False,No thanks,HorribleSpider,"{'id': 12342436, 'body': ""Hello and thank you for your feedback. Our product offers 10 free games + a 7 day trial, we're thought it was enough for users to make up their mind but we will definitely look to improve our offer. Also, concerning the content, we promise at least 6 updates with new content per year and browsing the catalog should show how much content the app has. If your daughter is 2.5 years old, she could be using it for a long time as the app teaches phonics and basic math including first additions. Last but not least, the subscription includes 7 languages which increases the learning content.  If you would like to discuss more, you can contact us on support@edokiacademy.com, we're here to answer all of your questions."", 'modified': '2019-12-11T15:45:24Z'}"
2020-05-08 03:37:07,Our daughter loves this app!! We originally signed her up when she was 3 yrs old but she‚Äôs still loving it at 4 too. There‚Äôs practical play along with basic Montessori principles. Simple visual and auditory aids are such a nice break from the fluorescent colors and loud sounds which usually accompany children‚Äôs games and apps. We‚Äôve also printed out the PDFs that come with the app for her to color and she loves it. Upon switching devices we had a problem and reached out to customer service which was extremely quick to reply and very helpful to solve our issue. The cost of the app may seem pricey but IMO it is well worth it.,5,False,Great app for 3-4 year old,K***st**n<3,
2024-11-24 04:45:23,"My older daughter downloaded this for my younger daughter without my knowledge. I was charged before I realized it but when I did (the next day) I cancelled and requested a refund. I was denied twice. I have been told the only resolution is to file a dispute with my bank, after which point I will be locked out of my App Store account. Customer service with Apple provides no resolution and I was told it was an automated system that denied my refund request and that there is no human process to override it. What horrible customer service from Apple, but also how on earth can a kids app not come with understanding that kids might make an accidental purchase and quick refunds not be provided in that instance? This feels so scammy to me and I don‚Äôt know if the app is behind it or Apple or both but I am not happy.",1,False,Refund request denied,Amybeth88,
2020-04-25 15:25:31,"The app is very good with a lot of variety, my daughter really engaged with it for the time we had it-she‚Äôs just turned 7 so we aren‚Äôt keeping it simply because she‚Äôs growing out of that stage. BUT I would say it‚Äôs a very good app for kids up to 5 or 6. Covers a lot of different subjects without the kids noticing. It‚Äôs similar to PBS cute-ness. 

I had trouble cancelling the subscription now that it‚Äôs usefulness is past, but they have sent information to help me contact them directly, so it seems they value customer service as well. Another plus.",5,True,"Good app, lots of variety",Annoyed with technology,"{'id': 14900023, 'body': 'Hello, our client support team answers all the emails sent to support@edokiacademy.com', 'modified': '2020-04-25T03:51:16Z'}"
2020-06-15 05:14:58,This app designer displays very unethical behavior unbecoming of a company who produces content for CHILDREN. I Downloaded this app in search of educational content for my 4yr old during the pandemic. I was aware of the trial period however the way that it is pitched is very misleading. I was automatically enrolled into the one year subscription that the app provides at an absurd price for what is offered. I was not given the opportunity to select the one month subscription prior to paying $64. I also see that this app is very active in responding to its customers. I put in a request for a full refund and have canceled the service. I expect and hope to hear from your company soon as well as a prompt return of the money that was taken!,1,False,Misleading subscription,Lishakat,"{'id': 15998642, 'body': ""Hello, we're sorry to hear this, we would love to help. You say you contacted us on support@edokiacademy.com but we cannot find your email, would you mind writing again and asking for Valerie please?"", 'modified': '2020-06-15T15:34:50Z'}"
2020-08-07 22:18:28,"My toddler has been using this app for a week now and overall it seems great. However there‚Äôs a section in the app where kids can learn to cook on the stove. After you select items to cook, you cut them up into small pieces. One of the protein options is sausage and when you start cutting it, it makes a pretty obvious image of a penis (how original.) No other food item that shape seems to cut the same way either. It‚Äôs obvious enough that my two year old asked me what it was. Now I feel like I have to sit and watch every detail of this app if he were to continue to use it.",3,False,"Overall great app, but inappropriate food item",SMC-2017,"{'id': 17158157, 'body': 'Hello, we have seen your email into our support center we have responded directly to your email address . Best, ', 'modified': '2020-08-08T14:57:34Z'}"
2020-07-04 15:29:47,"I don‚Äôt think I have ever paid a monthly subscription or spent more than $3+ on purchasing an app. However, with my 4 year old absolutely loving and learning from this Montessori Preschool, we had no problem spending the $7 a month. It‚Äôs been a great way for him to learn as he is unable to go to preschool due to the conditions of the world. He is always asking us for his iPad so he can do his school work. Our child loves and looks forward to using this app and learning.",5,False,Actually Paid For This App,SpicyTea18,
2021-09-20 20:40:17,Did the trial app is not user friendly. A year later I get a receipt charge of $59!ask for a refund and canceling the subscription of an app I had to look up because of it all about it that‚Äôs how memorable it is. We actually use the homer app way more user friendly and my child has learned a lot. Really upset with their response that they wouldn‚Äôt auto renew in 2022 but I‚Äôm still being billed for a year you don‚Äôt even get an email notifying you of the renewals before hand just a fat bill. Don‚Äôt even do the free trial not worth it so they can bill you unexpectedly with no refund. I would give it zero stars if I had the option.,1,False,Zero stars did not meet expectations,santilucy,"{'id': 25355777, 'body': 'Hello, thank you for contacting our support team, we have answered your email.', 'modified': '2021-09-27T22:23:14Z'}"
2021-01-01 21:50:15,"The free version of this app is practically adware for the paid version. Ads in the UI, constant upsell queues, distracting animations until you pay.

Were it well made I would consider doing the free trial to see what the paid experience is like, but the paint app showed me this is lower quality than the free Khan Academy Kids app. The differences being that this locks all but a few pictures and the drawing sound likes the gesture and paint by hundreds of milliseconds.

I‚Äôm glad people are making money helping kids to learn, but it‚Äôs got to be better than what‚Äôs free. Check out the Khan Academy Kids app for an entirely and permanently free app that covers much of the same curriculum.",2,False,"Not free, not well made",Taapl,"{'id': 20152742, 'body': 'Hello, Our app offers 10 completely free games straight from download for you to get a first taste.  If you want to try the full content, you need to start a subscription but the first 7 days are free and as long as you unsubscribe at least 24 hours before the end of this period, you will not get charged anything.\r\n\r\n', 'modified': '2021-01-04T07:23:55Z'}"
2020-04-05 13:00:39,"There is a problem in the app. I have subscribed monthly, but out of the blue the app says that I am not subscribed, when I reclick to subscribe it says that I am already subscribed .... but all features are locked. So I am paying for the service but not being able to access it. Not sure why... could someone please help.",5,False,"Great app, very educational, several different activities",Cattsung,
2020-06-10 16:36:17,"I‚Äôve now tried over 14 times to try the free trial on monthly basis. The app is the current version but always gets stuck on the white gear to subscribe. I managed on one try to enter my email and password which it retained, but still can‚Äôt get past the gear screen. I‚Äôm on 2020 iPad all operating systems current and so frustrated for my kiddo that wants to play the doctor game. I think an app owner / developer should try the subscription functions themselves from multiple devices to be sure they work. Nothing more of a turnoff than not being able to pay for an app and not be able to move past the buy us now screen.",1,False,Can‚Äôt subscribe after 14 tries,A_Fast_Racer,"{'id': 15924097, 'body': ""Hello, we are sorry for that, just so you know you can directly subscribed from our website. You can contact us to support@edokiacademy.com we'll assist you and give you more information. "", 'modified': '2020-06-11T12:03:27Z'}"
2022-08-31 14:50:37,"It‚Äôs so hard to navigate the pros and cons of introducing young children to technology. But I feel good about this app. Personally, I greatly prefer paying an annual subscription over bombarding the kids with ads. It‚Äôs so manipulative to be a ‚Äúfree‚Äù app that pushes pop-ups on kids every few minutes. I‚Äôd gladly pay for quality media to avoid advertisers in my kid‚Äôs content.",5,False,My daughter‚Äôs favorite,hypnocakes,
2019-11-27 00:48:50,"The game used to be great and works fine but as they added more items which is great the game is lagging out and freezing more and more. The bugs gets my son confused and then deters him from wanting to continue learning and explore. It‚Äôll be great if all the bugs and the freezes can be fixed, otherwise this is becoming a waste of money to subscribe to.",4,False,Bugs and freezes,Mini_luke,"{'id': 12214799, 'body': 'Hello and thank you for your feedback, could you please contact us on support@edokiacademy.com as there is a new version available and we would like to know if it fixes your issues.', 'modified': '2019-12-04T19:15:03Z'}"
2021-01-03 21:30:17,"This app is great so far and my three year old loves it.  Also, about the featured review... unless you‚Äôve changed the app,  there was nothing that looked like a penis and I wonder if the person that wrote that review has ever seen one.  It‚Äôs sad that people take anything that is shaft shaped and try to make something out of nothing.  Stop trying to ruin children‚Äôs games because you‚Äôre a Karen.",5,False,Awesome,Shamickaw,
2023-02-25 19:21:02,"The different games is a great thought, but the app and execution is terrible. I purchased an annual membership, and it worked only for a month and a half. The app opens up, but then crashes every time, and I‚Äôve tried it in 4 devices (Kindle fire, 2 ipads and iPhone). I contacted yen company and they said to dispute the cost with Apple for reimbursement,  but Apple only reimburses purchase jn the last 30 days. The company won‚Äôt reimburse me the rest of my annual subscription cost. So, terrible app and terrible, unethical company.",1,False,"Annual subscription - worked only a month, won‚Äôt reimburse",VKatrina,"{'id': 35226219, 'body': ""Hello, please contact us again with apple's answer. "", 'modified': '2023-03-06T10:08:11Z'}"
2022-10-09 02:00:56,"I did a good amount of research on similar applications before subscribing and I‚Äôm glad I went with this one. He also has video games on his iPad, but that doesn‚Äôt stop him from engaging with this app on a daily basis ‚Äî which is awesome because this is the only app that‚Äôs useful for him to really learn.",5,False,My child loves this app,NoahOliver's dad,"{'id': 32677184, 'body': 'So glad to hear it, thank you for sharing!\n', 'modified': '2022-10-19T21:25:17Z'}"
2021-10-12 21:22:09,I instaled this game for my sister she loved it till it started kicking her out and saying please try again i always check the  internet and its fine i even  turned the internet off then on she still plays this but mostly plays ABCmouse                                     Thank you for making this game,4,False,GREAT but one thing,snsakama,
2023-02-16 05:56:42,My son normally turns his nose to any kind of educational book or app I show him.  BUT NOT THIS ONE!  He begs for more time to play on this app.  I love to hear him practice the sounds of letters. He enjoys all the different choices of play there are and will sing praises to himself when he does well! Download this ASAP.,5,False,The 1 app I happily pay for,Victoria Edris,
2021-03-01 21:50:49,My granddaughter had been attending a Montessori school until COVID hit and they shut down. We babysit her two days a week and were looking for something to keep her intellectually challenged. This app was great for her. It provides the necessary challenge and the logic to go from lesson to lesson is just as valuable. Highly recommend it.,5,False,Great App!,John McE,
2020-02-29 23:45:48,"Hi, I signed up for the trial subscription to let my toddler play with it and decide. She liked it for a while and then decided she preferred another app. I went to cancel and it looks like I was signed up for a yearly subscription vs a monthly. I do not recall being given a choice... that is super frustrating! 

From a teaching perspective, games were good, especially for teaching the alphabet. But my kiddo just preferred something else.",3,False,"Good learning, confusing trial process",VBMumm,
2020-08-07 01:31:16,"This is the most amazing education app for my 2 year old I have found and worth every dollar. There are so many layers to this game, so many interactive things to do, and within those activities and themes are even more activities. Endless fun and learning.",5,False,My 2 Year Old is Learning,cayshavers,
2021-03-14 06:33:32,"My daughter loves this app! But after the recent upgrade, there are certain sections/games she tries to play but it just keeps loading. This happens when she tries to go into the garden or the shop.

Can you please fix. Thanks!",5,False,"Great app, but issues after update",me_ninja,"{'id': 21669073, 'body': 'Hello, please contact us on support@edokiacademy.com and ask for Val√©rie, we can definitely help.', 'modified': '2021-03-15T23:39:33Z'}"
2024-10-05 04:22:39,"We‚Äôve had this app for 3 weeks so far and my almost 4 year old loves it! There‚Äôs a wide variety of games to choose from, and he‚Äôs definitely learning from it! I feel like it‚Äôs well worth the money!",5,False,Fun and engaging!,Rosy21092,
2023-07-30 14:33:58,I was initially thrilled with this app as a virtual therapist working with little children. However a few months ago my primary activity on the app stopped working and the developers have only responded that it is a known bug and will be fixed in the next version. It‚Äôs four months already and this $60 app is just sitting unused on my desktop. How is this fair?,2,False,Waste of my money,Therapist in NJ,"{'id': 38386803, 'body': 'Hello, we are sorry for this inconvenient. This bug has now been fixed in version 5.1', 'modified': '2023-08-18T16:17:12Z'}"
2020-09-02 22:03:04,"I‚Äôm not going to leave a long review but I do want to stop in and mention how disappointing it is to see such a great app have such little functionality for the target age group. 

Small children are not able to start their touch within the bezel so all I see is my little one switch screens and pull down the lock screen or close the app altogether. 

Please fix this and I would gladly pay.",2,False,Needs work,dnshdnfn,"{'id': 17696977, 'body': 'Hello, we are really sorry . Our app is designed for children from 3 to 7 years old. If you want you can contact us at support@edokiacademy.com we will give you more information.', 'modified': '2020-09-04T14:33:12Z'}"
2020-02-18 16:45:31,"We are homeschool parents of five. Our 2-year-old is at the 4-year-old level on this now because she loves it! It keeps her busy & learning when I need to get things done:) Our 6, 10 & 12-year-olds like the science & ""shopping"" areas too!",5,False,Busy Momma/Teacher,MICHAELMA GEORGEER,
2024-07-31 16:58:11,"This app just stopped working and continues to ask me to purchase. I sent them a receipt of my subscription and for 2 weeks they can‚Äôt tell me what‚Äôs wrong. I‚Äôve asked them for my money back and now they aren‚Äôt responding. Same thing with their other app Joy of Reading. I am reporting them.

UPDATE: Looks like they responded but LIED. You didn‚Äôt help. You didn‚Äôt respond after I asked for my money back! I spoke to Valerie and Marie. And both ignored me. 

AVOID THIS APP AT ALL COSTS!!!!",1,True,TERRIBLE,ALK8817,"{'id': 45643872, 'body': 'Hello, we‚Äôre sorry to read this because we help all of our clients and the app definitely should not stop working. Please ask for Maria when you contact our support team. ', 'modified': '2024-07-31T06:23:00Z'}"
2020-05-19 06:24:23,"There are tons of things to do. Got the month trial, but probably won‚Äôt do the annual pass. Gonna have to remember to cancel first and then resubscribe under the right model. (For those of you having issues)

Also, I thought I heard the ‚Äúterminal bell‚Äù noise from the GNOME project?",5,False,My kid loves this,ampersandcastles,
2021-04-17 02:28:00,Update was a little glitchy. Had to reload program. In the end it worked. Good updates. Child loves the program so glad it worked.,5,True,Update stalling in download,MOMLam2,"{'id': 22290619, 'body': 'Hello, can you please contact us on support@edokiacademy.com so we can help you. ', 'modified': '2021-04-16T20:22:07Z'}"
2021-08-08 19:44:11,The app is really good and the activities are nice! But when I click on the piano it goes there then gets a bunch of loading screens and it keeps going faster and faster and faster and I get sick of it and my kid said what is going on‚Ä¶ so FIX IT,4,False,WHAT THE HECK MAN,kawaii zoe,"{'id': 24584516, 'body': 'Hello and thank you for your feedback, this issue is fixed in version 4.0 now available on the app store.', 'modified': '2021-08-18T17:40:11Z'}"
2020-02-11 20:36:20,"I just love this app because I feel that it is intelligent screen time. Kids love to learn their ABCs and practice phonics, there is also lots of entertaining smart content. I would give it 10 stars if I could!",5,False,Screen time,MarciaMarciaMarcia431,
2023-03-19 13:17:13,I want to do the restroom is it ok if you make the restroom and other things free for poor people too because what if they have no money so please please make some more things free,5,False,Add more free stuff,Emma Elizabeth Luetzow,
2019-12-22 05:24:03,"Plenty of categories for kids to choose from as is the Montessori way.  After just a few times in using the app, my child can sing Korean songs!  (Obviously we don‚Äôt speak Korean).",5,False,Educational in a fun way!,Khcir,
2023-03-05 16:41:36,"everytime my daughter gets to the bees section, it freezes and we have to back out of it and re-open the app. Theres no way to go back.",4,False,Freezing,tay1418,
2020-02-18 16:45:43,"I love this app!! I‚Äôve had Montessori Preschool since my daughter was 2. It has helped her a lot in kindergarten. She loves doing Montessori Preschool, asks all the time to do it. I just wish there was an option to lock her out of the game section. Lol",5,False,Absolutely love it!!,MCDONALDTER JEFFMA,
2023-12-01 15:16:01,Received the ‚Äúfree trial‚Äù for $10 on the spot instead of when the trial ends. I signed up and it instantly charged me so I don‚Äôt understand how it‚Äôs a free trial. I didn‚Äôt even get to see if it‚Äôs a game my kids wanted to play before it charged me so here I am stuck with it for a month.,3,False,Not a free trial.,giantsfreak626,"{'id': 40745588, 'body': 'Hello, please contact our support team on support@edokiacademy.com. ', 'modified': '2023-12-18T09:30:35Z'}"
2023-03-22 20:40:19,My kids are super engaged and are able to practice school work while using technology.,5,False,Great activities for kids,Pujols787,
2020-08-29 16:52:05,"We purchased this app last month for the yearly subscription and now when my toddler goes in to signup, it‚Äôs telling me I have to sign up and pay again. Very disappointed! Didn‚Äôt want to leave a review but there is no other way to reach anyone to discuss this issue. If we aren‚Äôt allowed access to the app, then please refund the amount we paid and will take our business somewhere else.",1,False,WANT A REFUND!,beanigurl,"{'id': 17606836, 'body': 'Hello, please contact us at support@edokiacademy.com we will help you with the access to the app. ', 'modified': '2020-08-31T13:36:21Z'}"
2021-11-30 02:19:32,My lil one have been playing with this app for 2 years already and he learn so much... he just start PK and he knows almost everything they‚Äôr teaching.,5,False,Best preschool app,btzy7,
2023-07-01 17:37:35,"Guys get this for your kid I downloaded it for my kid and she is loving it! Get this for your kid too! There is lots of tabs and games that they can play! Like doctors, shapes, and more!",5,False,Idk but this game is non stop playing,AliKatisAdorable,
2020-03-18 12:56:12,First of all this is the first game I really would LOVE to subscribe if not for a fatal flaw. It is trying to create a free roaming school for kids to explore instead of serving kids games one buy one. My kid loved the individual mini games but get lost all the time and constantly need my help to find out what to do next. Please change it to Khan Academy Kids model and I‚Äôll come back to subscribe.,1,False,Too much exploration with no instruction,SuperCurious1998,"{'id': 14103154, 'body': 'Hello and thank you for your feedback, as you can imagine not everyone wishes to be guided this is why we created the free access on the Home page and then the more guided access through the categories. We would be happy to discuss this further on support@edokiacademy.com.', 'modified': '2020-03-19T00:24:41Z'}"
2022-01-05 18:28:28,This app has lots of interesting game ideas. Some are better thought out than others. It is quite buggy overall. A bit frustrating.,3,False,Great idea but way too buggy,BilianaK,"{'id': 27677106, 'body': ""Hello and thank you for your feedback, could you please contact our support team with more information on the bugs you discovered?  We test it on an ongoing basis but we can miss things and pinpointing issues helps us improve the app's performance."", 'modified': '2022-01-26T14:36:04Z'}"
2021-06-03 22:47:57,I pay for the subscription and for the past month it has said downloading full version in progress. I uninstalled and still no change. Very frustrated toddler at home that keeps trying to play I will have to cancel the subscription since I‚Äôm paying for nothing.,1,False,Not working,zachopak,"{'id': 23286972, 'body': 'Hello, we are sorry to hear that, please contact us at support@edokiacademy.com, we will help you. ', 'modified': '2021-06-09T11:58:13Z'}"
2021-01-05 18:22:43,"Hi I'm Isaac manrow! I'm a pre-schooler I'm very smart. When I was 3 I wanted to learn how to read but this app successfully taught me how to read so I can choncer this achievement i can even write very hard words like arrondissement,soleil,au revoir,October, primavera,",5,False,Great,chairisfair,
2020-06-10 22:03:45,"My daughter is DeafBlind, this app has taught her so much!! Perfect visually for her, great games,  challenging, a little of everything! ‚ù§Ô∏è‚ù§Ô∏è Thank you thank you! ‚ù§Ô∏è‚ù§Ô∏è‚ù§Ô∏è",5,False,Best App Ever for special needs!!,Inkhukhuddq,
2021-01-23 07:42:20,"Hello, I am trying to locate your contact info as I am using your app and I was charged for the yearly subscription instead of the monthly that I chose. Do you have any contact info so I can speak with someone to change this? Thank you.",3,False,Subscription,Zosom,"{'id': 20608166, 'body': 'Hello, please contact us directly on support@edokiacademy.com , thank you. ', 'modified': '2021-01-24T15:04:15Z'}"
2023-04-06 14:20:19,I purchased the app and have had continuous issues with the audio. The only way to get the audio back is to uninstall then reinstall the app. We do this at least once or twice a week. Now the app won‚Äôt download. Save the $65 on the membership cause this app is too much of a hassle.,1,False,No sound won‚Äôt let me redo Elias,Faithsfate,"{'id': 36818692, 'body': 'Hello , has our support@edokiacademy.com team helped?', 'modified': '2023-05-30T13:14:46Z'}"
2020-09-29 16:08:50,"I propose you lead the way since you are a children‚Äôs app in not having predatory subscription practices - make the free trial actually free and then make it super easy to subscribe to keep it going if folks like the app

Taking the advice that everyone does it to get as much accidental subscription money as possible is cheap and not the type of character I look for in an educator. 

I have been to Montessori as a child and I enroll my children in Montessori - this is not how the school operates. 

Deleting the app. I would try again if you correct your moral issue",2,False,Have Integrity,Roy Willyfish,"{'id': 18264433, 'body': 'Hello, we appreciate your feedback and would love to discuss further with you on support@edokiacademy.com.  Regarding the payment/free trial... please contact Apple.', 'modified': '2020-10-05T02:58:42Z'}"
2021-03-24 08:06:17,It crashes and debug screen appears while swiping over and over.,4,False,Crashes while swiping,evren217,"{'id': 21885541, 'body': 'Hello, did you try to uninstall and reinstall the app ? This should take off the debug screen. You can contact us at support@edokiacademy.com. ', 'modified': '2021-03-26T12:49:03Z'}"
2022-01-21 17:31:41,Great educational app for kids! Also excellent customer support. 5 stars and highly recommend!,5,False,Love it!,MuggleEaterMachine,
2020-05-12 12:56:59,"I‚Äôve tried to do the free 30 days with the yearly subscription but when I downloaded, it just spins. I‚Äôve shut down my tablet and reloaded and it doesn‚Äôt give me the subscription option. Deleted and tried again and same thing. Really wanted to try it and see if my three year old liked it.",1,False,Spinning,rukdngme00,"{'id': 15276547, 'body': 'Sorry to hear that, this should not happen. Please send us an email to support@edokiacademy.com and ask for Valerie.', 'modified': '2020-05-12T19:50:17Z'}"
2021-10-15 01:24:57,My little girl love‚Äôs this game she played it for the first time and then she was playing it for 1 hour and she loved it.,5,False,Preschool,SANIC GOES FAST 23,
2021-05-13 21:30:43,I tried the trial. Too complex for my toddler. My card expired so it couldn‚Äôt chart the renewal but I also deleted it from my device and canceled the subscription within the app. When I updated my card in Apple Pay it renewed anyway! I want my money back,1,False,Charge me even after I canceled,Musical Mommy!,"{'id': 23199269, 'body': 'Hello, is your issue solved? If not, please contact us at support@edokiacademy.com and ask for Val√©rie.', 'modified': '2021-06-04T13:40:49Z'}"
2022-12-18 04:59:52,"When it‚Äôs working it‚Äôs great! But 8 out of 10 times, the app just randomly closes and it is really frustrating!",3,False,Keep kicking me out of the app,SuperLegitM,"{'id': 33842755, 'body': ""Hello, we're sorry to hear that, could you please contact our team on support@edokiacademy.com, they should be able to help."", 'modified': '2022-12-20T22:12:02Z'}"
2020-05-06 17:53:15,"Since the update it crashes every few minutes on my iPad Pro, driving my son nuts.  Also almost every time we open this it tells us we don‚Äôt have an active subscription even though we do.

Save your money until they make this better.",1,False,Update killed it.,Chmeeee,"{'id': 15192715, 'body': 'Sorry to hear that, this should not happen.  Please send us an email to support@edokiacademy.com and ask for Valerie.', 'modified': '2020-05-08T12:59:28Z'}"
2020-02-07 10:54:13,Really cute game that allows for midstakes but doesnt make you lose any for it. Encourages trials and error with feel good results.,5,False,I'm impressed with this,Tyler Standley,
2023-06-19 12:16:54,"I didn‚Äôt find a way to cancel a subscription during the trial period and now that appears as a purchased at the Apple Store. The information is misleading and today I was unexpected charged for the app $64,19! I want to cancel that ‚Äúsubscription‚Äù with total refund!",1,False,Misleading Subscription!,Roselaine O'Brien,"{'id': 37604265, 'body': ""Hello, we're sorry to hear that. Did you contact Apple for a refund? Our team is there to help you, did you contact them on support@edokiacademy.com?\n"", 'modified': '2023-07-11T08:57:05Z'}"
2021-08-28 12:54:31,When I click the teacher she stop moving her legs EVEN THE STUDENTS ARE NOT MOVING Really so I want this to fix this bug,4,False,Teacher‚Äôs legs not moving,bxhehdfudf(gefnhd,"{'id': 25214104, 'body': ""Hello, this definitely doesn't sound right, could you please contact our support team on support@edokiacademy.com and ask for Valerie, they will help!"", 'modified': '2021-09-20T18:04:52Z'}"
2024-02-25 00:24:50,"Not really that great. We don't want to waste money on a toddler education app.

Please can you remove all of the prices.",4,False,It's ok,Annoyed peeooppllee,"{'id': 42397261, 'body': ""We're sorry to hear this but, in our opinion, toddler's education is one of the most important things in the world ;-)"", 'modified': '2024-03-05T22:28:19Z'}"
2020-06-13 21:46:48,I‚Äôve never written an app review before but this made me so angry I feel compelled to warn others.  Be very careful.  There should never be an option that at the end of a trial you automatically register into a yearly subscription.  So disgusted by this business practice.,1,False,Beware!  Free trial ended and went right into $60 subscription,xgxtrxgrt,"{'id': 15974713, 'body': 'Hello, we‚Äôre sorry that our app made you angry, it is definitely not our aim. Please contact us on support@edokiacademy.com and ask for Valerie. \r', 'modified': '2020-06-14T22:44:42Z'}"
2019-12-28 15:47:10,"The features are top notch, the concept is great and the user interface is so agreeable. This arugsbly the best app for kids. I like it so much!",5,False,Very desirable,Rebecca R Cook,
2022-01-25 18:34:58,My daughter is 2 1/2 and LOVES this app!  So much learning and exploring.  Easy to navigate!,5,False,Amazing learning App for my 2.5yr old,Dani Ruccs,
2023-02-12 15:50:41,"Horrible that this app crashes all of the time and most often doesn‚Äôt even load. We have the subscription too, doesn‚Äôt make a difference.",1,False,Crashes all the time,disaptmom,"{'id': 34904192, 'body': 'Hello, we are sorry about that. Please contact us at support@edokiacademy.com ', 'modified': '2023-02-16T10:32:34Z'}"
2020-07-03 20:25:51,Tried for hours to get this to work across devices and could not get it to work on an ipad. Locked up and crashed on a phone. Trial subscription status and sign up was unclear. In the end we just deleted it and hope that we do not get billed for it.,1,False,Does not work,the eksb,"{'id': 16399605, 'body': 'Hello, we are sorry to hear that. We can help you, please contact us at support@edokiacademy.com. ', 'modified': '2020-07-04T12:38:56Z'}"
2020-01-27 18:24:14,"The first month I had this my granddaughter loved it especially the doctor visit part. 
I just paid for another month now and now Dr. visit is gone but 
Korean and Chinese now ? she‚Äôs still working on English. I should be able to choose the language! Help what‚Äôs happening?",1,False,preschoolers  Korean and Chinese ?,wren ren,"{'id': 13167864, 'body': 'Hello and thank you for your comment. The doctor visit should definitely be in the app and you should also be able to choose your language in the Settings. Please send us an email on support@edokiacademy.com quoting this message for more details.', 'modified': '2020-01-28T21:09:16Z'}"
2022-09-21 20:09:46,I‚Äôve been trying to add a second child as he is ready now. Not able to! it asks for the birth year to get started and stop and does nothing! I‚Äôm going to try the other app someone else suggested.,1,False,Frustrating,zxsqwe,"{'id': 32677230, 'body': 'Hello, have we been able to help you?', 'modified': '2022-10-19T21:29:21Z'}"
2019-12-06 16:41:59,My toddler is only 3 and he LOVES this app!! It‚Äôs great at teaching him things through play. Which in my opinion is what Montessori should be about! He loves it & I love it!,4,False,This app is Amazing!,Chaz_1123,
2021-11-22 17:12:42,It keeps asking if we want the free trial after we paid for the subscription and when I click restore purchase it says failed over and over. I feel like I just got robbed.,1,False,It won‚Äôt log in,SabaPa85,"{'id': 26440110, 'body': 'Hello, we can help you, please contact client support on support@edokiacademy.com and ask for Valerie', 'modified': '2021-11-23T21:03:59Z'}"
2021-10-13 18:11:02,"I downloaded this app and I‚Äôm stuck on the enter your birth year screen. After I enter it, it sticks on a screen that says enter birth year to continue. I was ready to pay the full year and can‚Äôt even do it!",1,False,I Can‚Äôt Even Sign Up,verient,"{'id': 25701458, 'body': ""Hello, could you confirm that you entered an adult date of birth ? . This is for a parental control . If this isn't working, please contact us at support@edoki.academy.com. "", 'modified': '2021-10-15T12:39:10Z'}"
2020-11-10 09:46:26,Mega app by the developers! This has all the right things for making a brilliant app.,5,False,I love this,AvaAddison,
2023-03-02 18:10:10,This app force closes every time my child has used it for the past 6mo. No refund for the subscription and it renewed again without any notification. So over $120 essential thrown away.,1,False,Money in the trash,Skitlz214,"{'id': 35226167, 'body': ""Hello, following our conversation on the support , we need the receipt to be able to refund the subscription. If you have been charge again by Apple , that means your subscription is not unsubscribed. We are sorry , as apple is ou distributor we won't be able to do it for you. "", 'modified': '2023-03-06T10:05:54Z'}"
2019-12-28 15:53:28,This is a top notch app with a great concept. I have no complains about its functioning. My little boy is learning fast.,5,False,Top notch,Pook4,
2021-08-24 00:56:42,I used to love this app for my 5 year old because she learned so much. Unfortunately it now crashes every time she tries to do any activity. Anything I can do to fix it?,1,False,App crashes a lot,rbait,"{'id': 25415239, 'body': 'Hello, have we fixed your issue? Please contact support@edokiacademy.com', 'modified': '2021-09-30T09:44:54Z'}"
2022-05-11 21:10:24,My grandson absolutely love this app. So happy that he enjoyed. Thank you,5,False,Love it,Vane's iPod,
2021-03-31 15:58:36,It was recommended by the school and we are 100% satisfied.,5,False,Simply the best,Indianaboy89,
2019-12-28 15:44:03,An application that works very well. This is a very classic one. I just love it.,5,False,Works nicely.,CatesTT9,
2020-04-20 16:58:56,Please allow family sharing for our children‚Äôs iPad like other apps,2,False,Great app but ..won‚Äôt allow family sharing for my kids iPad,dadd$*&@,"{'id': 14867893, 'body': ""Hello and thank you for your message, Apple doesn't allow family sharing but our system does so please contact us on support@edokiacademy.com so we can explain how to install the app on multiple devices."", 'modified': '2020-04-23T15:28:21Z'}"
2023-03-16 13:41:03,We were excited about this app for our daughter and then noticed they wanted to show her about Chinese‚Ä¶. Not acceptable and should be let known about it!!,1,False,Chinese really???,Gus' Mac,"{'id': 35505917, 'body': 'Hello, learning Mandarin is one of the many activities offered in our app but it can be switched off in the app settings. Contact support@edokiacademy.com for more information on how to do it.', 'modified': '2023-03-21T13:51:38Z'}"
2020-03-31 15:21:57,"This didn‚Äôt have a price on it but when I clicked to download it, it said it was processing payment. How can you do that? I don‚Äôt even know how much it just cost me üò°",1,False,They charge you without telling you,Caseyweezer,"{'id': 14993704, 'body': 'Hello, we are very sorry to hear that. Every user is entitled to a free trial week so if this was your first time you definitely should not have been charged by Apple straight away. Please contact us on support@edokiacademy.com and ask for Val√©rie.', 'modified': '2020-04-29T13:17:16Z'}"
2020-11-10 09:51:23,Amazing app! Montessori preschool is the best you can do for your child.,5,False,Best one,MiaNatalie2,
2020-01-09 16:39:43,I didn‚Äôt realize that this was such an expensive app. It charged the full amount for a year and will not refund even though my daughter does not like the app.,1,False,Won‚Äôt let me refund,MackG13,"{'id': 12852106, 'body': ""Hello, we're sorry to hear that your daughter doesn't like the app. When you start the free trial, the pop-up you agree to specifies the amount and the date at which it will be billed if you don't cancel. Please contact us (referencing this message) at support@edokiacademy.com for more support."", 'modified': '2020-01-10T22:41:38Z'}"
2020-03-22 02:25:33,The stupidest thing some one could ever think of you have to pay for everything and people think it is the best app ever it‚Äôs not o and it‚Äôs not worth the price there‚Äôs other learning apps don‚Äôt download this app,1,False,DUMB,dulceneenee,"{'id': 14196988, 'body': ""Hello, we're sorry you feel that way. We are professional educators, if you have any questions please don't hesitate to contact us on support@edokiacademy.com."", 'modified': '2020-03-23T19:52:27Z'}"
2021-04-10 09:34:20,Every day it says ‚ÄúFull download in progress‚Äù and we have to wait a LONG time.  This is terrible.  Fix this bug!,1,False,Download in progress,MarkisLandis,"{'id': 22171683, 'body': 'Hello please contact us on support@edokiacademy.com, we can help', 'modified': '2021-04-11T16:15:07Z'}"
2020-01-04 22:41:29,paying but keeps asking me to pay despite lots of troubleshooting. Almost great but it‚Äôs frustrating my child that they can‚Äôt use it.,1,False,"Broken app,",JustInTime2C,"{'id': 13101359, 'body': 'Hello, are you still encountering issues? Did you contact us? (please reference this message)', 'modified': '2020-01-24T14:17:12Z'}"
2020-05-15 00:00:54,"You have to enter an email address for the free trial, which would be fine except then it forces you to set up payment before you can start the ‚Äúfree‚Äù trial. Scam",1,False,False advertising,BeAware8426,"{'id': 15340474, 'body': 'Hello, Our app offers 10 completely free games straight from download for you to get a first taste.  If you want to try the full content, you need to start a subscription but the first 7 days are free and as long as you unsubscribe at least 24 hours before the end of this period, you will not get charged.', 'modified': '2020-05-15T12:01:39Z'}"
2020-05-30 13:04:00,"My kid loved this app I paid the 64 a year and out of the sudden I can‚Äôt access again it says I have to subscribe again it‚Äôs ridiculous,,,,,",1,False,Paid the 64  and now I can‚Äôt access,marina cf,"{'id': 15671688, 'body': 'Hello, please contact us to support@edokiacademy.com we will help you to understand what is going on.', 'modified': '2020-05-30T23:25:55Z'}"
2024-05-30 16:39:38,I thought this was free and then possibly in app purchases but it‚Äôs a subscription. I don‚Äôt like being misled,1,False,Says in app purchases not true,Triadduchess,"{'id': 45644034, 'body': 'Hello, Our app offers 10 completely free games straight from download for you to get a first taste.  If you want to try the full content, you need to start a subscription but the first 7 days are free and as long as you unsubscribe at least 24 hours before the end of this period, you will not get charged anything. Most apps work the same way. ', 'modified': '2024-07-31T06:29:28Z'}"
2023-06-21 12:02:38,You have to buy a membership to play it all,1,False,It‚Äôs annoying,Zebra 17490,"{'id': 37355301, 'body': ""Hello, we're sorry that that makes you unhappy but the stars are designed to rate the content, not the fact that the app is free/paid. We do not want to expose children to advertising so we have to sell the app to pay our wonderful staff."", 'modified': '2023-06-27T09:39:24Z'}"
2020-08-21 19:27:24,"Please cancel the subscription.
I didn‚Äôt want the membership, since I‚Äôm not with my grandsons all the time.
I just wanted to try the free option while I was with them.
NMA",1,False,Cancel,Ashtaad,"{'id': 17442283, 'body': 'Hello, please contact us at support@edokiacademy.com we will help you cancel the subscription. ', 'modified': '2020-08-23T13:03:41Z'}"
2023-06-25 13:04:10,"I don‚Äôt want to subscribe it when it‚Äôs expired

But one day, I suddenly noticed it‚Äôs renewed the subscription and there is nowhere to report that I don‚Äôt want to subscribe .

In the App Store, it also shows that I have no subscription 

What‚Äôs wrong with this app?? Crazy about money!!??",1,False,I don‚Äôt want to subscribe it when it‚Äôs expired,littledaisylee,"{'id': 37355134, 'body': ""Hello, this doesn't sound right, please contact our team on support@edokiacademy.com, they will help you."", 'modified': '2023-06-27T09:30:23Z'}"
2020-03-28 19:18:23,My daughter hated this and  I canceled a day late after my free week so I expected to get charged for a month but it charged me for 2 months!!!!!,1,False,Charged twice when trial ended,yuikhkj1234799,"{'id': 14317355, 'body': 'Hello, if you were on a monthly plan, Apple should only have been charged you for one month. Please contact us on support@edokiacademy.com so we can help.', 'modified': '2020-03-30T01:12:27Z'}"
2019-12-25 23:59:41,App would freeze and crash on ipad all the time and the customer support is not helpful in resolving the issue.,1,False,Buggy app,BezawadaRowdy,"{'id': 12750619, 'body': ""Hello, we're sorry to hear that customer support could not help you resolve your issue. Please send another email to support@edokiacademy.com referencing this message and we will assist you by phone. "", 'modified': '2020-01-06T15:25:55Z'}"
2022-12-26 01:01:44,It‚Äôs just a rip off from abc mouse but it‚Äôs a good game for 2-4,3,False,Rip-off,U$338,"{'id': 34230672, 'body': ""Hello, we're sorry to hear that you think we are a rip off, our team works hard to produce high-quality educational content. If you would like to share more feedback, please contact us on support@edokiacademy.com"", 'modified': '2023-01-11T17:42:07Z'}"
2020-05-12 18:59:09,this app has been a lifesaver during the COVID-19 quarantine. My littleone loves it. Tons of good material for preschoolers.,3,False,Totally worth it!,KEROPIANA,
2023-04-28 00:44:16,This is olive!    Check it out,5,False,Preschool 391% Fun,z42df,
2021-08-19 15:33:01,It is not there how you have to Subscribe just to play Funner games why really fun ones? 2 Stars right answer,2,False,NOT FAIR JUST FOR A SUBSCRIBE,Sohrab2013,"{'id': 25215076, 'body': ""Hello, our app offers 300+ educational games which should all be fun but if you don't like them all, you can contact us on support@edokiacademy.com"", 'modified': '2021-09-20T19:17:45Z'}"
2020-08-14 22:29:10,App is free to download but not free to use!,3,False,Can‚Äôt even rate it right,Ninaninazsdrf,"{'id': 17327400, 'body': ""Hello, our app is a subscription service with a ton of educational content, we offer 10 free games + a 7-day trial during which you don't get charged. For more information, please contact us on support@edokiacademy.com"", 'modified': '2020-08-17T13:00:34Z'}"
2020-07-03 21:06:46,"Before I downloaded the app, I was promised a free trial. I received a charge today for $60 for a year subscription. Feeling the app offered a free trial and did not intend to honor the offer.",1,False,APP Free Trial?,"A, Underwood","{'id': 16403770, 'body': ""Hello, our app is a subscription service with a ton of educational content, we offer 10 free games + a 7-day trial during which you don't get charged. For more information, please contact us on support@edokiacademy.com"", 'modified': '2020-07-05T00:07:18Z'}"
2024-07-29 19:56:13,First ‚Äúgame‚Äù I selected to check it out taught me that a syringe and a bottle of pills will put you to sleep.,1,False,Content,S‚Ä¶.85,
2024-03-11 07:24:53,Opened it and tried a game. Sad to say the game is definitely not Montessori-based. Had a giant‚Äôs foot appear and a dragon. What the‚Ä¶.?!,1,False,Not Montessori,MB6914,"{'id': 42718672, 'body': 'Hello, in the math section you will find Montessori spindles, number bars, sandpaper numbers, golden beads... but we also added games to reinforce and generalize the concepts, as we would do in a classroom. Our team is more than happy to discuss further: support@edokiacademy.com.', 'modified': '2024-03-20T20:05:05Z'}"
2023-04-03 11:21:43,It is really bad bc I can‚Äôt play if I don‚Äôt have a subscription! I hate this app,1,False,Bad!,vufnsjd. jn!;$: djc skwkc,"{'id': 35909558, 'body': 'Hello, our app offers 10 completely free games straight from download for you to get a first taste.  If you want to try the full content, you need to start a subscription but the first 7 days are free and as long as you unsubscribe at least 24 hours before the end of this period, you will not get charged anything.', 'modified': '2023-04-12T08:32:06Z'}"
2024-06-11 14:24:59,so i love this game even tho im ninebut im not here fir learnign im here in this app for fun,5,False,very fun even for nine year old,real deal but not enof,
2020-04-24 17:13:35,This is click bait. It‚Äôs very unusable as a free app and is crazy expensive for content you can get free elsewhere.,1,False,"Not free at all, don‚Äôt dl",slumgxd,"{'id': 14993457, 'body': 'Hello, our app offers high-quality educational content and it allows you to try free for 7 days. We‚Äôre sorry that you find it expensive, please contact Valerie on support@edokiacademy.com. ', 'modified': '2020-04-29T13:07:24Z'}"
2023-06-25 18:44:54,I need to sign up but I don‚Äôt have Any Money‚Ä¶,1,False,Don‚Äôt like,Jojobluestar,"{'id': 37355094, 'body': ""Hello, we're sorry to hear that but the stars are designed to rate the content and from what we understand you don't believe that our content is worth only one star."", 'modified': '2023-06-27T09:28:49Z'}"
2020-11-14 04:28:52,It‚Äôs amazing,4,False,It‚Äôs good,FLOWERPOWER2929,
2020-11-10 09:57:39,The best app in this space.,5,False,Wow!,GraceAva21,
2020-05-24 21:50:30,"there in school its teacher the child to take alot of medication.
i dont understand how this has anything to do with pre scool this app should be banned dont get it.",1,False,do not download this app for children,0625625,"{'id': 15554595, 'body': 'Hello, we are sorry that you do not like the everyday life part on our app. If you want to, you can contact us to support@edokiacademy.com we will give you more information about the learning activities. ', 'modified': '2020-05-26T00:02:32Z'}"
2023-06-09 14:40:57,Great,5,False,Great,rroottyyuu,
2021-03-02 05:30:30,MY LIL BRO DRAWS AND LEARNS SOOO FAST ON IT DOWNLOAD TODAY,5,False,Wow just wow,Deku is broccoli,
2023-08-25 20:31:15,"He tratado de comunicarme con costumer service desde la aplicaci√≥n en mis dos aparatos y en ning√∫no puede abrir el servicio. 
Necesito ayuda y no hay ning√∫n lugar donde poder obtenerla .",2,False,Costumer service,rachdavila,"{'id': 38787177, 'body': 'Hola: Por favor verifique si tiene la versi√≥n m√°s reciente de la app. Hab√≠a un bug que no permit√≠a enviar mensajes desde la app, pero ya ha sido reparado. Sino, puede escribir directamente en todo momento a nuestro servicio al cliente support@edokiacademy.com. Siempre recibir√° una respuesta. ¬°Gracias!', 'modified': '2023-09-07T20:22:30Z'}"
2023-06-23 09:50:20,Mis peque√±os de 2 y 4 a√±os realmente se entretienen y aprenden!,5,False,Es excelente,Luciana_salina,
2023-04-01 12:47:24,"Un immense boulot mis dans cet app et √ßa se voit. Toutefois la version pour iPad est plein loin d‚Äôoffrir une exp√©rience agr√©able en tout cas dans la version que nous avons. Le chargement de l‚Äôapp et de chaque activit√© est tr√®s long. Ensuite seul quelques activit√©s s‚Äôouvrent sans probl√®me pour le principale math et apprendre √† lire je suis √©ject√©e syst√©matiquement. Cela dis sur iPhone pas de soucis mais alors cets bien trop petit comme format pour 3 ans. Ensuite sur les activit√©s en elle m√™me, certaine sont int√©ressante mais j‚Äôimagine que c‚Äôest normal, d‚Äôautre trop facile car trop d‚Äôaides comme pour la dict√©e muette. Avec montessori il faut l‚Äôoccasion de se tromper et de s‚Äôautoriser corriger si lapp corrige √† la place de l‚Äôenfant, il apprend rien",3,False,Peut mieux faire,clo97111,"{'id': 35909646, 'body': 'Hello and thank you for your feedback , we are sorry to hear that your encounter some issues with the new version of the app on ios. Please contact us at support@edokiacademy.com we might be able to help. ', 'modified': '2023-04-12T08:34:43Z'}"
2022-10-01 10:32:51,ayuda mucho a mi hijo.,5,False,exelente,Lizy182209,
2022-08-02 00:24:01,Nunca la pudimos utilizar. La app se quedaba guindada. Acabo de cancelar suscripci√≥n no la pude usar ni una sola vez,1,False,Terrible,rghudc,"{'id': 31259941, 'body': 'Hola: Sentimos que le haya pasado eso. Por favor escr√≠banos a support@edokiacademy.com para saber qu√© es lo que pas√≥. Gracias', 'modified': '2022-08-03T14:59:01Z'}"
2021-07-06 23:35:50,QUE TONTO ESTE JUEGO,1,False,Usjdm,thhdhcnd,"{'id': 24073761, 'body': '¬°Hola!\r\n¬øPodr√≠a escribirnos por favor a support@edokiacademy.com. Nos gustar√≠a mucho saber la raz√≥n de su opini√≥n para saber c√≥mo podemos mejorar. Gracias.', 'modified': '2021-07-22T14:32:11Z'}"
2024-11-18 21:34:29,"Go

Now
Am
An
Aka
And
Xjwpq",5,False,Hjjujfvn,supporter556622,
2023-04-02 23:49:30,i used to go to this school and now i know a lot of things i‚Äôm now 8 and I WISH I WAS YOUNGER AGAIN THIS APP WAS SOO FUN- anyway thanks for this game and i really appreciate it so i was wondering if you could make one for 2 and older cuz my little brother wants a learning game for ages 2 so i‚Äôm giving this game a 10/100000! but i cant but in my heart i canüòö BYE MWAHü§™,5,False,3>,myuoule,
2023-02-03 21:38:44,"I‚Äôve subscribed and downloaded and redownloaded several times. My kids love this game and play it on an iPad and iPhone, but no matter what we do it keeps getting stuck on a loading screen with just the sky and clouds on the screen. We can hear the game if we tap on the screen and it makes me put in my birth year if I tap the blank corners where the buttons should be but it shows nothing but that cloud loading screen. We keep having to close it out completely and re-open it, but it happens every single time they play this game. They get so frustrated and just want to play the game. I‚Äôve emailed about it and was told it‚Äôs odd to have this problem and it hasn‚Äôt been reported before. Well I reported it and it hasn‚Äôt been fixed. I was told this game is ‚Äúbroken‚Äù when I asked if they could fix the bug. We were waiting for the update to come out in January but it didn‚Äôt fix that problem. I‚Äôm tired of paying for a game that doesn‚Äôt work properly. Please, please fix this bug since this is actually a great app. I‚Äôve tried everything from unsubscribing, deleting the app, hard reboots of the devices and updates. Nothing works so it must be an issue with the code.",3,False,Bug issues,Starvingartists88,"{'id': 34779581, 'body': 'Hello, We are sorry about that. The last time we spoke you tell us that the app was working on the iphone after the last update. Please contact us again on support@edokiacademy.com so we can see with our engineers and have more details about the device used. Thank you. ', 'modified': '2023-02-09T17:53:26Z'}"
2020-10-13 16:10:15,"I downloaded this app because i saw it on Instagram w a discount code.  Well there is nowhere to enter the discount code.  So it was a hoax for us to come get the app.  I just want my money back.  Thanks.

UPDATE: 
So I requested a refund from Apple. I got the refund. The very next day, I was charge for the app again. So now I am disputing with Apple for being charged again. I don‚Äôt understand why I was charged again.",1,False,Discount code,YayaBella1113,"{'id': 18625999, 'body': 'Hello, could you please send us an email on support@edokiacademy.com. Also, did you know that the annual subscription always comes with a 30% discount?', 'modified': '2020-10-21T20:18:19Z'}"
2019-12-23 12:36:42,The performance of the app is very good. So far I have found no issues with it.This is one app that you cannot ignore. Quite impressive.,5,False,Satisfied,skiles.dahlia,
